OBJECTID,SCHOOL_NAME,PHONE,SCHOOL_ADDRESS,CITY,STATE,ZIP_CODE,COUNTRY,HEAD_OF_SCHOOL,EMAIL_ADDRESS,WEBSITE,ENROLLMENT_SIZE,ESTABLISHED_YEAR,GRADE_BRACKETS,TUITION_RANGE,ACCREDITATION_STATUS,ACCREDITATION_AGENCY,FEATURES,SCHOOL_SERVICES_PROGRAMS,HIFDH_PROGRAM,FACEBOOK,INSTAGRAM,TWITTER,YOUTUBE,LINKEDIN,FLICKR,FID
1,Annoor Academy of Knoxville,(865) 525-3399,724 Foxvue Road,Knoxville,Tennessee,37922,United States,,reem@annooracademy.net,http://www.annoor.org,160,1998,,,Accredited,"CISNA- Council of Islamic School of North America,Cognia- Formerly AdvancED & Measured Progress","hot lunch, scholarship, science lab, uniforms","After school clubs,Tutoring Program,Sports teams,Regional and National competitions,Advanced Placement (AP),College preparatory programs",,https://www.facebook.com/annooracademy,https://www.instagram.com/annooracademy/,,,,,1
2,Salam Academy,(505) 888-7688,8015 Mountain Rd PL NE,Albuquerque,New Mexico,87110,United States,,questions@salamacademy.org,http://www.salamacademy.org,119,2001,,,Accredited,Cognia- Formerly AdvancED & Measured Progress,N/A,"Tutoring Program,Homeschooling support,Regional and National competitions,College dual credit,Alumni association",,https://www.facebook.com/p/Salam-Academy-Where-Education-Has-No-Limits-100063564730997/,,,,,,2
3,El-Sewedy International Academy of Cincinnati,(513) 755-0169,P.O. Box 1369,West Chester,Ohio,45071,United States,,info@intlacademy.org,http://www.intlacademy.org,224,2000,,,Not accredited,,N/A,"Transportation/busing,After school clubs,English Language Learner (ELL) support",,,,,,,,3
4,Peace Terrace Academy,(510) 477-9946,33330 Peace Terrace,Fremont,California,94555,United States,,admin@peaceterrace.org,http://www.peaceterrace.org,230,1998,,,Accredited,WASC- Western Association of Schools and Colleges,N/A,"After school clubs,Special education,Character/tarbiyah program,Tutoring Program,Debate,Digital citizenship education,English Language Learner (ELL) support,Hifdh,Sports teams",,https://www.facebook.com/peaceterraceacademy/,,,,,,4
5,Genesee Academy,(810) 250-7557,9447 Corunna road,Swartz Creek,Michigan,48473,United States,,principal@gaflint.org,http://www.gaflint.org,254,1995,,,Accredited,Cognia- Formerly AdvancED & Measured Progress,"hot lunch, scholarship, science lab, uniforms","Transportation/busing,Character/tarbiyah program,International Baccalaureate (IB),Tutoring Program,English Language Learner (ELL) support,Regional and National competitions,Advanced Placement (AP),College dual credit,College preparatory programs",,https://www.facebook.com/gaflint,,,,,,5
6,Al-Iman School,(919) 821-1699,3020 Ligon Street,Raleigh,North Carolina,27607,United States,,principal@alimancrescent.org,http://alimanschool.org,290,1992,,,Accredited,"CISNA- Council of Islamic School of North America,Cognia- Formerly AdvancED & Measured Progress","hot lunch, scholarship, science lab, uniforms","After school clubs,Character/tarbiyah program,Digital citizenship education,Regional and National competitions",,https://www.facebook.com/alimancrescent/,https://www.instagram.com/alimanschoolnc/,,,,,6
7,New Horizons Academy DBA ALRazi Academy ,(515) 255-0220,1119 5th St,West Des Moines,Iowa,50265,United States,,mynewhorizonsacademy04@gmail.com,http://www.alraziacademy.org,20,2003,,,Not accredited,,uniforms,"Transportation/busing,After school clubs,Regional and National competitions",,https://www.facebook.com/AlRaziAcademy04,,https://twitter.com/AlRaziAcademy,https://www.youtube.com/@NewHorizonsAcademy,,,7
8,ZAMZAM KNOWLEDGE ACADEMY INC,(386) 301-9901,347 S Keech Street,Daytona Beach,Florida,32114,United States,,zamzamacademyfl@gmail.com,http://zamzamacademyfl.com,23,2016,,,Not accredited,,uniforms,"Character/tarbiyah program,Tutoring Program",,https://www.facebook.com/search/top?q=zamzam%20knowledge%20academy,,,,,,8
9,Montessori School of Excellence,(214) 491-6090,6200 Virginia Parkway,Mckinney,Texas,75071,United States,,info@montessoriexcellence.com,http://www.montessoriexcellence.com,75,2012,,,Granted candidacy status,Cognia- Formerly AdvancED & Measured Progress,N/A,"Character/tarbiyah program,Montessori curriculum/program,Homeschooling support",,https://www.facebook.com/MontessoriSchoolOfExcellence/,https://www.instagram.com/montessoriexcellence/,,https://www.youtube.com/@MontessoriExcellence,,,9
10,Muslim Academy,(504) 433-1960,440 Realty Drive,Gretna,Louisiana,70056,United States,,principal@muslimacademyla.com,http://www.muslimacademyla.org,320,2000,,,Not accredited,,N/A,"College dual credit,College preparatory programs",,,,https://twitter.com/MuslimAcademyLa,,,,10
11,Orange Crescent School,(714) 531-1451,1 Al-Rahman Plaza,Garden Grove,California,92844,United States,,myoussef@orangecrescent.com,http://www.orangecrescent.com,270,1983,,,Accredited,WASC- Western Association of Schools and Colleges,"hot lunch, scholarship, science lab, uniforms","Transportation/busing,After school clubs,Character/tarbiyah program,Montessori curriculum/program,Sports teams,Regional and National competitions,College dual credit,Alumni association",,https://www.facebook.com/OrangeCrescentSchool,https://www.instagram.com/orangecrescentschool/,https://twitter.com/ocsrisingstar,,,,11
12,College Preparatory School of America,(630) 889-8000,331 W. Madison St.,Lombard,Illinois,60148,United States,,mainoffice@cpsaonline.org,http://cpsaonline.org,630,1991,,,Accredited,Cognia- Formerly AdvancED & Measured Progress,N/A,"After school clubs,Character/tarbiyah program,Tutoring Program,Debate,Regional and National competitions,Advanced Placement (AP),College preparatory programs,Alumni association",,https://www.facebook.com/cpsaschool,,,https://www.youtube.com/@cpsathunder4720,,,12
13,Averroes High School,(510) 580-4566,43433 Mission Blvd,Fremont,California,94539,United States,,info@averroesinstitute.com,http://www.averroeshighschool.com,65,2011,,,Accredited,WASC- Western Association of Schools and Colleges,"hot lunch, scholarship, science lab, uniforms","Transportation/busing,After school clubs,Character/tarbiyah program,Tutoring Program,Sports teams,Advanced Placement (AP),College dual credit,College preparatory programs,Alumni association",,https://www.facebook.com/AverroesInstitute,https://www.instagram.com/averroeshigh/,https://twitter.com/averroeshs,https://www.youtube.com/@AverroesInstitute,,,13
14,Al-Amal School,(763) 571-8886,1401 Gardena Avenue NE. ,Fridley,Minnesota,55432,United States,,info@al-amal.org,http://www.al-amal.org/,435,,,,Accredited,"CISNA- Council of Islamic School of North America,Cognia- Formerly AdvancED & Measured Progress",N/A,"After school clubs,Character/tarbiyah program,Hifdh,Regional and National competitions,College dual credit,College preparatory programs",,https://www.facebook.com/AlAmalFridleyMN/,,,,,,14
15,Cordoba Academy,(425) 954-3687,3210 200 th PL SW,Lynnwood,Washington ,98043,United States,,info@cordobaacademy.org,http://www.cordobaacademy.org,65,2017,,,Not accredited,,N/A,"Character/tarbiyah program,Montessori curriculum/program,Homeschooling support",,https://www.facebook.com/CordobaAcademySeattle/,,,https://www.youtube.com/watch?v=sZTPvjSnLNs&t=2s,,,15
16,Leaders Preparatory School,(407) 382-9900,"10210 N, Golden rod Road",Orlando,Florida,32807,United States,,f.elkhaldi@lpscfl.org,http://WWW.LPSCFL.org,230,1991,,,Accredited,"CISNA- Council of Islamic School of North America,Cognia- Formerly AdvancED & Measured Progress","hot lunch, scholarship, science lab, uniforms","Transportation/busing,After school clubs,Character/tarbiyah program,Hifdh,College dual credit",,https://www.facebook.com/leaderspreparatoryschool,https://www.instagram.com/leaders_prep/,https://twitter.com/leaders_prep,,https://www.linkedin.com/company/leaders-preparatory-school,,16
17,Bayaan Academy ,(813) 548-0126,15435 Morris Bridge Rd,Thonotosassa,Florida,33592,United States,,Magdasaleh@bayaanacademy.org,http://www.Bayaanacademy.org,165,2015,,,Accredited,Cognia- Formerly AdvancED & Measured Progress,"scholarship, uniforms","Transportation/busing,After school clubs,Character/tarbiyah program,Tutoring Program,Hifdh,Regional and National competitions,Advanced Placement (AP),College dual credit,College preparatory programs",,https://www.facebook.com/bayaanacademy,https://www.instagram.com/Bayaanacademyfl/,,https://www.youtube.com/@bayaanacademyyoutubeadmin8492,,,17
18,Crescent View Academy,(303) 745-2245,"10958 E. BETHANY DRIVE, , Crescent View Academy",Aurora,Colorado,80014,United States,,principal@crescentview.org,http://www.crescentview.org,475,1993,,,Accredited,"CISNA- Council of Islamic School of North America,Cognia- Formerly AdvancED & Measured Progress","hot lunch, scholarship, uniforms","After school clubs,Tutoring Program,Debate,Hifdh,Sports teams,Regional and National competitions,Advanced Placement (AP),College preparatory programs",,https://www.facebook.com/CrescentViewAcademy,https://www.instagram.com/CrescentViewAcademy/,,https://www.youtube.com/@CrescentViewAcademy,,,18
19,ICN Noor Academy,(630) 544-6164,2844 W Ogden Ave,Naperville,ILLINOIS,60540,United States,,ftsadmin@icnmasjid.org,http://fts-nooracademy.com/,56,1991,,,In the process of applying,CISNA- Council of Islamic School of North America,uniforms,"After school clubs,Character/tarbiyah program",,https://www.facebook.com/ICNNoorAcademy,https://www.instagram.com/CrescentViewAcademy/,,,,,19
20,Baytul-Iman Academy,(732) 705-1242,311 Laurel Ave,Hazlet,New Jersey,07733,United States,,contact@baytuliman.org,http://www.baytuliman.org,80,2001,,,Other,,N/A,"Transportation/busing,After school clubs,Special education,Character/tarbiyah program,Montessori curriculum/program,Tutoring Program,Debate,English Language Learner (ELL) support,Hifdh,Homeschooling support,Sports teams,Regional and National competitions",,https://www.facebook.com/BaytulIman.Academy,https://www.instagram.com/baytulimanacademy/,,,,,20
21,Everest Academy,(281) 261-3030,610 Brand Lane,Stafford,Texas,77477,United States,,farahn@everest-academy.com,http://www.everest-academy.com,380,2007,,,Accredited,"CISNA- Council of Islamic School of North America,Cognia- Formerly AdvancED & Measured Progress","hot lunch, uniforms","After school clubs,Character/tarbiyah program,Montessori curriculum/program,Tutoring Program,English Language Learner (ELL) support,Sports teams,Regional and National competitions,Advanced Placement (AP),College dual credit,Alumni association",,https://www.facebook.com/everest.academy610/,https://www.instagram.com/everest_academy_stafford/,https://twitter.com/_EverestAcademy,,,,21
22,Hadi School of Excellence,(847) 891-4440,"375 S Roselle Rd,",Schaumburg,ILLINOIS,60193,United States,,Contact@hadischool.org,http://Hadischool.org,100,2003,,,In the process of applying,"CISNA- Council of Islamic School of North America,Cognia- Formerly AdvancED & Measured Progress","hot lunch, scholarship, science lab, uniforms","After school clubs,Character/tarbiyah program,Montessori curriculum/program,Debate,Digital citizenship education,Sports teams,Regional and National competitions",,https://www.facebook.com/hadischool.excellence?mibextid=ZbWKwL,https://www.instagram.com/Hadischool786/,https://twitter.com/hadischool786,https://www.youtube.com/watch?v=lOi8Xq4Ywc0,,,22
23,Tawheed Center of Detroit School ,(313) 271-0731,20601 W. Warren Ave,Dearborn Heights,Michigan,48127,United States,,ghazala.khan@school.masjidtawheed.org,http://school.masjidtawheed.org,237,2001,,,Other,,N/A,"After school clubs,Character/tarbiyah program,Montessori curriculum/program,Tutoring Program,Debate,English Language Learner (ELL) support,Hifdh,Regional and National competitions",,,,,,,,23
24,Al Falah Academy,(678) 502-7211,1835 Shackleford Ct,Norcross,Georgia,30093,United States,,Info@alfalahacademy.com,http://Alfalahacademy.com,440,2010,,,Accredited,"CISNA- Council of Islamic School of North America,Cognia- Formerly AdvancED & Measured Progress","hot lunch, science lab, uniforms","After school clubs,Character/tarbiyah program,Tutoring Program,Debate,Digital citizenship education,English Language Learner (ELL) support,Sports teams,Regional and National competitions,Advanced Placement (AP),College dual credit,College preparatory programs,Alumni association",,https://www.facebook.com/AlFalahAcademySchool,,,https://www.youtube.com/watch?v=UQVm-aJToCA,,,24
25,Michigan Islamic Academy ,(734) 665-8882,2301 Plymouth Rd,ANN Arbor,Michigan,48105,United States,,Mia@mia-aa.org,https://mia-aa.org/,303,1985,,,Accredited,Cognia- Formerly AdvancED & Measured Progress,"hot lunch, science lab, uniforms","Transportation/busing,After school clubs,Montessori curriculum/program,Tutoring Program,Digital citizenship education,English Language Learner (ELL) support,Hifdh,Sports teams,Regional and National competitions,Advanced Placement (AP),College dual credit,College preparatory programs,Other",,https://www.facebook.com/Michigan.Islamic.Academy,https://www.instagram.com/michigan.islamic.academy/,,,,,25
26,Islamic School of Irving,(972) 812-2230,2555 Esters Rd,Irving,Texas,75062,United States,,shahnaz.chowdhury@islamicschoolofirving.org,http://www.islamicschoolofirving.org,850,1996,,,Accredited,"CISNA- Council of Islamic School of North America,Cognia- Formerly AdvancED & Measured Progress","science lab, uniforms","After school clubs,Special education,Character/tarbiyah program,Tutoring Program,Debate,Digital citizenship education,English Language Learner (ELL) support,Hifdh,Sports teams,Regional and National competitions,Advanced Placement (AP),College dual credit,College preparatory programs,Alumni association",,https://www.facebook.com/IslamicSchoolOfIrving/,,https://twitter.com/isitx,https://www.youtube.com/watch?v=GZt0yjWaAPA,,,26
27,Nur Islamic School of Louisville,(502) 459-9447,6500 Six Mile Lane,Louisville,Kentucky,40229,United States,,info@nurislamicschool.org,http://www.nurislamicschool.org,160,1999,,,Accredited,"CISNA- Council of Islamic School of North America,Cognia- Formerly AdvancED & Measured Progress","hot lunch, scholarship, science lab, uniforms","After school clubs,Character/tarbiyah program,Tutoring Program,Digital citizenship education,English Language Learner (ELL) support",,https://www.facebook.com/growmindandsoul,https://www.instagram.com/learnatnisl/,https://twitter.com/growmindandsoul,https://www.youtube.com/@nurislamicschooloflouisvil9360,,,27
28,"Bright Horizon Academy (Formerly, Islamic School of San Diego)",(858) 278-7970,7050 Eckstrom Ave,San Diego,California,92122,United States,,cc-admin@issdweb.org,http://brighthorizonacademy.org,275,1992,,,Accredited,WASC- Western Association of Schools and Colleges,"hot lunch, scholarship, uniforms","Transportation/busing,After school clubs,Tutoring Program,Hifdh,Sports teams,Advanced Placement (AP),College dual credit",,https://www.facebook.com/islamicschoolofsandiego/,https://www.instagram.com/bha_sandiego/,,https://www.youtube.com/channel/UCAOVujLZABNe7PGQy6Ovv3w,,,28
29,Greater Lansing Islamic School,(517) 332-3700,940 S. Harrison road,East Lansing,MICHIGAN,48223,United States,,School@lansingislam.com,https://sites.google.com/a/school.lansingislam.com/main,145,1996,,,Accredited,Cognia- Formerly AdvancED & Measured Progress,"hot lunch, scholarship, science lab, uniforms","After school clubs,Special education,Tutoring Program,Debate,English Language Learner (ELL) support,Sports teams,Regional and National competitions",,https://www.facebook.com/GLIslamicSchool/,,,https://www.youtube.com/watch?v=VnsiwxMi3dM&t=2008s,,,29
30,Andalusia School,(914) 964-5600,380 Walnut Street ,Yonkers,New York,10701,United States,,Andalusiaoffice@masuny.org,http://Andalusiaschool.masuny.org,312,,,,In the process of applying,CISNA- Council of Islamic School of North America,N/A,"Transportation/busing,After school clubs,Sports teams",,https://www.facebook.com/andalusiaschoolofficialpage/,https://www.instagram.com/andalusiaschool/,,,,,30
31,"New Horizon School, Irvine",(949) 281-0054,1 Truman Street,Irvine,California,92620,United States,,info@nhirvine.org,http://www.newhorizonirvine.org,380,2001,,,Accredited,"WASC- Western Association of Schools and Colleges, CAIS","hot lunch, science lab, uniforms","Character/tarbiyah program,Digital citizenship education,Sports teams,Alumni association",,https://www.facebook.com/nhirvine,https://www.instagram.com/nhirvine/,https://twitter.com/nhirvine,https://www.youtube.com/user/irvinenewhorizon,,,31
32,Universal School,(716) 597-0102,1957 Genesee Street,Buffalo,New York,14211,United States,,office@myuniversalschool.org,http://www.myuniversalschool.org,179,2001,,,Accredited,MSA- Middle States Association ,"hot lunch, scholarship, science lab, uniforms","Transportation/busing,After school clubs,English Language Learner (ELL) support,Hifdh,College preparatory programs",,https://www.facebook.com/Universal.Buffalo/,https://www.instagram.com/universal_school_buffalony/,,,,,32
33,Indiana Horizon Academy ,(219) 796-9490,9803 Colorado Street ,Crown Point ,Indiana ,46307,United States,,Ihacademy13@gmail.com,http://Www.indianahorizon.org,125,2013,,,Accredited,"CISNA- Council of Islamic School of North America,Cognia- Formerly AdvancED & Measured Progress","hot lunch, scholarship, uniforms","Transportation/busing,After school clubs,Special education,Character/tarbiyah program,Tutoring Program,English Language Learner (ELL) support",,https://www.facebook.com/indianahorizon,,,,,,33
34,Furqaan Academy Online,(630) 914-5015,401 W. Boughton Rd,Bolingbrook,ILLINOIS,60440,United States,,fao@furqaanacademy.org,http://online.furqaanacademy.org/,10,2022,,,Not accredited,,N/A,"After school clubs,Character/tarbiyah program,Tutoring Program,Hifdh",,https://www.facebook.com/furqaanacademyonline,,,https://www.youtube.com/user/furqaanstudios,,,34
35,Iman Academy Southeast,(281) 204-8710,825 Jetstream Court,Webster,Texas,77598,United States,,aliyah.harris@imanacademy.org,http://www.imanacademy.org,375,1996,,,Accredited,Cognia- Formerly AdvancED & Measured Progress,"science lab, uniforms","Transportation/busing,After school clubs,Character/tarbiyah program,Tutoring Program,Sports teams,Regional and National competitions,Advanced Placement (AP),College dual credit,College preparatory programs",,https://www.facebook.com/ImanAcademy/,https://www.instagram.com/imanacademyse/,,https://www.youtube.com/channel/UCqXMNaga2IUr2atb0C9FpJg,,,35
36,Folsom Educational Academy,(916) 790-8599,381 South Lexington Dr.,Folsom,California,95630,United States,,principal@feaschool.com,http://feaschool.com,125,2010,,,Accredited,WASC- Western Association of Schools and Colleges,N/A,"Character/tarbiyah program,English Language Learner (ELL) support,Regional and National competitions",,https://www.facebook.com/FEASchool/,https://www.instagram.com/feaschool/,,,,,36
37,Islamic School of MET (PK-5) / Oregon Islamic Academy (6-12),(503) 579-6621,P.O. Box 283,Portland,Oregon,97207,United States,,admin@metpdx.org,http://www.metpdx.org,209,1997,,,Accredited,Cognia- Formerly AdvancED & Measured Progress,"hot lunch, scholarship, science lab, uniforms","After school clubs,Character/tarbiyah program,Tutoring Program,Debate,Digital citizenship education,English Language Learner (ELL) support,Sports teams,Regional and National competitions,Advanced Placement (AP),College dual credit,College preparatory programs,Alumni association",,https://www.facebook.com/METPDX,https://www.instagram.com/met_pdx/,https://twitter.com/MET_PDX,https://www.youtube.com/user/METVideoChannel,https://www.linkedin.com/in/met-muslim-educational-trust-a732bb10b/,https://www.flickr.com/photos/metpdx/,37
38,Al Fatih Academy,(703) 437-9382,12300 Pinecrest Rd.,Reston,Virginia,20191,United States,,info@alfatih.org,http://alfatih.org,174,1999,,,Accredited,"CISNA- Council of Islamic School of North America,Cognia- Formerly AdvancED & Measured Progress","scholarship, uniforms","After school clubs,Character/tarbiyah program,Digital citizenship education,Hifdh,Regional and National competitions,Alumni association",,https://www.facebook.com/alfatihacademy/,https://www.instagram.com/al_fatih_academy/?hl=en,,https://www.youtube.com/user/AlFaithAcademy,,,38
39,New African Ummah Online School,(804) 415-8664,3588 Indian Spring Rd.,Green Bay ,Virginia,23942,United States,,michelle@newafricanummah.com,https://www.newafricanummah.net/,22,2016,,,In the process of applying,Other,N/A,"Character/tarbiyah program,Digital citizenship education,Homeschooling support",,https://www.facebook.com/newafricanummahonlineschool/,,,,,,39
40,Arizona Cultural Academy & College Prep,(602)600-5220,7810 S 42nd Place,Phoenix,Arizona,85042,United States,,communication@azacademy.org,http://www.azacademy.org/,337,1996,,,Accredited,Cognia- Formerly AdvancED & Measured Progress,"hot lunch, scholarship, science lab, uniforms","After school clubs,Character/tarbiyah program,Tutoring Program,Sports teams,Regional and National competitions,College dual credit,Alumni association",,https://www.facebook.com/profile.php?id=100028131326559,https://www.instagram.com/acaazacademy/,https://twitter.com/academyarizona,https://www.youtube.com/channel/UCrTRVuE0BAzd5DSrGtIgTUQ,https://www.linkedin.com/school/arizona-cultural-academy/,,40
41,Northstar School,(510) 342-9091,22502 Woodroe Ave.,Hayward ,California,94541,United States,,salwa@northstarschool.org,http://www.northstarschool.org,160,2002,,,Accredited,WASC- Western Association of Schools and Colleges,N/A,Character/tarbiyah program,,https://www.facebook.com/northstarschool.cal,,,,,,41
42,Unity Academy of Chicago,(630) 793-1301,985 South Bartlett Road,Streamwood,ILLINOIS,60107,United States,,info@theunityacademy.org,http://www.theunityacademy.org/,40,2021,,,In the process of applying,"Other, American Montessori Society","scholarship, uniforms","After school clubs,Character/tarbiyah program,Montessori curriculum/program,Hifdh,Other",,,https://www.instagram.com/unityacademyofchicago/,,,,,42
43,CITY OF KNOWLEDGE SCHOOL ,(909) 392-0251,3285 N Garey Ave,Pomona ,California,91767,United States,,info@cityofknowledge.com,http://www.cityofknowledge.com,200,1994,,,Accredited,WASC- Western Association of Schools and Colleges,"hot lunch, scholarship, science lab, uniforms","Character/tarbiyah program,Debate,English Language Learner (ELL) support,Homeschooling support,Advanced Placement (AP),College preparatory programs,Alumni association",,https://www.facebook.com/cityofk?fref=ts,https://www.instagram.com/cityofknowledge/,,https://www.youtube.com/cityofknowledgeschool,,,43
44,ISLAMIC SCHOOL OF MIAMI,(305) 408-0400,11699 Southwest 147th Avenue,Miami,Florida,33196,United States,,shehnaz.bengali@myisom.org,http://www.myisom.org,120,2014,,,Accredited,Cognia- Formerly AdvancED & Measured Progress,"scholarship, uniforms","Character/tarbiyah program,Hifdh",,https://www.facebook.com/MiamiMasjid/,,,https://www.youtube.com/channel/UCHhfJUp84qZpGO4zav4dMVw,,,44
45,Carriers of Light,(630) 949-8232,"1607 Taft Avenue, Wheaton IL 60189",Wheaton,Illinois,60189,United States,,info@carriersoflight.com,http://www.carriersoflight.com/,102,2010,,,Accredited,ISBE,"scholarship, uniforms","After school clubs,Character/tarbiyah program,English Language Learner (ELL) support,Hifdh",,https://www.facebook.com/CarriersofLight/,https://www.instagram.com/carriersoflightschool/,https://twitter.com/CarriersLight,https://www.youtube.com/channel/UCDFjZR14kORo9o3XprnngRw/featured?view_as=subscriber,,,45
46,AL-HAQQ FOUNDATION ACADEMY & DAYCARE,(317) 929-1700,5526 GEORGETOWN RD,INDIANAPOLIS,Indiana ,46254,United States,,ahfacademy@gmail.com,http://www.alhaqqfoundation.net/,52,2017,,,Accredited,Indiana Board of Education,N/A,"Transportation/busing,Character/tarbiyah program,Tutoring Program,English Language Learner (ELL) support,Hifdh,Homeschooling support,Other",,https://www.facebook.com/AHFAcademy/,,,,,,46
47,Toledo Islamic Academy,(419) 882-3339,5225 W Alexis Rd ,Sylvania,Ohio,43560,United States,,principal@tiaus.net,http://www.tiaus.net,244,1995,,,Accredited,Cognia- Formerly AdvancED & Measured Progress,"hot lunch, scholarship, science lab, uniforms","Transportation/busing,Special education,Tutoring Program,English Language Learner (ELL) support,Sports teams,Regional and National competitions,Advanced Placement (AP),College dual credit,College preparatory programs",,https://www.facebook.com/ToledoIslamicAcademy,,,https://www.youtube.com/channel/UCXg6uSOK-7tZJB1Lpowwpaw,https://www.linkedin.com/company/toledo-islamic-academy/about/,,47
48,Augusta Science Academy,(706) 925-5715,1 Islamic Center Drive,Martinez,Georgia,30907,United States,,Principal@asciencea.com,http://augustascienceacademy.com/,47,2018,,,Accredited,Other,"scholarship, uniforms",Other,,https://www.facebook.com/augustascienceacademy/,,,,,,48
49,Islah Academy ,(323) 596-3456,2900 w Slauson Avenue ,Los Angeles,California,90043,United States,,Admin@islahacademy.org,http://islahacademy.org/,60,2014,,,Accredited,WASC- Western Association of Schools and Colleges,"scholarship, uniforms","After school clubs,Character/tarbiyah program,Tutoring Program,Digital citizenship education",,https://www.facebook.com/IslahEducationalInstitute/,https://www.instagram.com/islahacademy/?hl=en,,https://www.youtube.com/channel/UC8cXqy6AY279mR2wSk6NkVw,,,49
50,Islamic School of Columbia- Missouri,(573) 442-1556,"408 Locust Street,",Columbia,Missouri,65201,United States,,office@theiscm.net,http://www.theiscm.net/,53,1998,,,Accredited,"CISNA- Council of Islamic School of North America, Missouri Nonpublic School Accrediting Association","hot lunch, scholarship, uniforms","Alumni association,Other",,https://www.facebook.com/profile.php?id=100072127607792,,,,,,50
51,ILM Academy,(678) 624-1157,1200 Grimes Bridge Road,Roswell,Georgia,30076,United States,,info@ilm-academy.com,http://ilm-academy.com/,222,2008,,,Accredited,"CISNA- Council of Islamic School of North America,Cognia- Formerly AdvancED & Measured Progress","hot lunch, scholarship, science lab, uniforms","Transportation/busing,After school clubs,Character/tarbiyah program,Montessori curriculum/program,Tutoring Program,Digital citizenship education,Hifdh,Regional and National competitions,Advanced Placement (AP),College dual credit,College preparatory programs",,https://www.facebook.com/ilmacademy,https://www.instagram.com/ilmacademy/,,,https://www.linkedin.com/company/ilm-academy-inc/,,51
52,RISE Academy,(408) 946-5900,4415 fortran ct,San Jose,California,95134,United States,,admin@riseacademy.education,http://www.riseacademy.education/,200,2010,,,Accredited,"Cognia- Formerly AdvancED & Measured Progress,WASC- Western Association of Schools and Colleges","hot lunch, scholarship, science lab, uniforms","Transportation/busing,After school clubs,Character/tarbiyah program,Montessori curriculum/program,Tutoring Program,Debate,Sports teams,Regional and National competitions,Advanced Placement (AP),College dual credit,College preparatory programs,Alumni association",,https://www.facebook.com/sabaacademy.org/,https://www.instagram.com/r.i.s.e.academy/,,https://www.youtube.com/watch?v=CpA6A-5epYM,,,52
53,Islamic Academy of Kendallville ,(260) 544-3055,200 Ohio street ,Kendallville,Indiana ,46755,United States,,Info@islamicacademyofkendallville.org,http://islamicacademyofkendallville.org/,50,2021,,,Accredited,Other?,"hot lunch, scholarship, science lab, uniforms","Transportation/busing,English Language Learner (ELL) support,Regional and National competitions",,https://www.facebook.com/IslamicAcademyOfKendallville?mibextid=LQQJ4d,https://www.instagram.com/islamicacademyofkendallville/,,https://www.youtube.com/watch?v=fig0Z050nRg,https://www.linkedin.com/company/islamic-academy-of-kendallville/about/,,53
54,IANT Quranic Academy,(972) 231-8451,840 Abrams Rd,Richardson,Texas,75081,United States,,office@myiqa.org,http://www.myiqa.org/,297,2002,,,Accredited,"CISNA- Council of Islamic School of North America,Cognia- Formerly AdvancED & Measured Progress","science lab, uniforms","After school clubs,Character/tarbiyah program,Tutoring Program,Hifdh,Sports teams,Regional and National competitions,College dual credit,College preparatory programs,Alumni association",,https://www.facebook.com/IANTQuranicAcademy/,https://www.instagram.com/myiqa/,,https://www.youtube.com/@IQAtv/videos,,,54
55,Brighter Horizons Academy,(972) 675-2062,3145 Medical Plaza Dr.,Murphy,Texas,75094,United States,,info@bhaprep.org,http://www.bhaprep.org,935,1989,,,Accredited,"CISNA- Council of Islamic School of North America,Cognia- Formerly AdvancED & Measured Progress","hot lunch, scholarship, science lab, uniforms","Transportation/busing,After school clubs,Character/tarbiyah program,International Baccalaureate (IB),Tutoring Program,Debate,Sports teams,Regional and National competitions,Advanced Placement (AP),College dual credit,College preparatory programs",,https://www.facebook.com/bhacollegeprep,https://www.instagram.com/bhaprep/,https://twitter.com/bhaprep,,,,55
56,New Medina Learning Institute ,(215) 298-9994,"7401 Limekiln Pike, 2nd Floor ",Philadelphia ,Pennsylvania,19138,United States,,Newmedina.information@gmail.com,http://www.newmedinainstitute.com,55,2017,,,In the process of applying,Other?,N/A,"Special education,Montessori curriculum/program,Tutoring Program,English Language Learner (ELL) support,Advanced Placement (AP),College preparatory programs",,https://www.facebook.com/NewMedinaInstitute,https://www.instagram.com/New_Medina/,,,,,56
57,Clara Mohammed School of Miami,(305) 757-8741,5245 NW 7 ave.,Miami,Florida,33168,United States,,Claramihammedofmiami@yahoo.com,http://ClaraMohammedschool.org,60,1967,,,Other,,N/A,"After school clubs,Tutoring Program,English Language Learner (ELL) support,Homeschooling support",,https://www.facebook.com/people/Clara-Mohammed-School-Miami/100069377042491/,,,,https://www.linkedin.com/company/clara-mohammed-school/about/,,57
58,Al Rahmah school,(410) 719-0921,6631 johnnycake rd,Catonsville ,Maryland,21244,United States,,info@alrahmah.org,http://Alrahmah.org,218,1982,,,Accredited,Other?,N/A,"After school clubs,Character/tarbiyah program,Alumni association,Other",,https://www.facebook.com/alrahmahschoolARS,https://www.instagram.com/alrahmahschoolars/,https://twitter.com/alrahmah_school,https://www.youtube.com/watch?v=r5wdHq_VxxI,,,58
59,MCC Academy,(847) 470-8801,8601 n menard ,Morton grove ,Illinois,60053,United States,,Habeeb.quadri@mccacademy.org,http://Www.MCCAcademy.org,850,1990,,,Accredited,Cognia- Formerly AdvancED & Measured Progress,"hot lunch, scholarship, uniforms","After school clubs,Character/tarbiyah program,Tutoring Program,Debate,Hifdh,Homeschooling support,Sports teams,Regional and National competitions,College dual credit,College preparatory programs,Alumni association",,https://www.facebook.com/mccacademy89/,https://www.instagram.com/mcc_academy1/,,https://www.youtube.com/c/MCCAcademyChannel/videos,https://www.linkedin.com/company/mcc-academy/,,59
60,Noor-Ul-Iman School,(732) 329-1800,4137 US Route 1,Monmouth Junction ,New Jersey,08852,United States,,Mainoffice@nuischool.org,http://Www.NUIschool.org,520,1993,,,Accredited,"CISNA- Council of Islamic School of North America, NJAIS","hot lunch, scholarship, science lab, uniforms","After school clubs,Character/tarbiyah program,Tutoring Program,Debate,Digital citizenship education,English Language Learner (ELL) support,Hifdh,Sports teams,Regional and National competitions,Advanced Placement (AP),College dual credit,College preparatory programs,Alumni association",,https://www.facebook.com/nuischool,https://www.instagram.com/noorulimanschool/,https://twitter.com/nui_school_nj,https://www.youtube.com/nuischool,,,60
61,Salah Tawfik Elementary and Middle School,(954) 741-8130,5455 NW 108th Ave,Sunrise,Florida,33351,United States,,info@stemschool.net,http://stemschool.net,166,2000,,,Accredited,FCIS,"scholarship, uniforms","After school clubs,Character/tarbiyah program,Digital citizenship education,Hifdh",,https://www.facebook.com/SalahTawfikSchool,,,,https://www.linkedin.com/company/stemschool/about/,,61
62,Al Madina School of Richmond,(804) 330-4888,10700 Academy Dr,Richmond,Virginia,23112,United States,,zinabakha@almadinarichmond.org,http://almadinarichmond.org,145,2016,,,Accredited,"CISNA- Council of Islamic School of North America,Cognia- Formerly AdvancED & Measured Progress","hot lunch, scholarship, science lab, uniforms","Transportation/busing,After school clubs,Character/tarbiyah program,Debate,College dual credit",,https://www.facebook.com/AlMadinaSchoolRichmond/,https://www.instagram.com/al_madina_richmond/,,,https://www.linkedin.com/company/al-madina-school-of-richmond/about/,,62
63,Dar-Un-Noor Academy ,(404) 876-5051,434 14th St. Nw,Atlanta ,Georgia ,30318,United States,,Principal@darunnoor.org,http://Www.darunnoor.org ,125,1990,,,Accredited,"CISNA- Council of Islamic School of North America,Cognia- Formerly AdvancED & Measured Progress,GAC- Georgia Accrediting Committee ","hot lunch, scholarship, science lab, uniforms","Transportation/busing,Character/tarbiyah program,Tutoring Program,English Language Learner (ELL) support,Advanced Placement (AP),College dual credit,College preparatory programs,Alumni association",,https://www.facebook.com/DUNAcademy/,,https://twitter.com/DNA_ATLSCI,,,,63
64,Alazzhar School,(954) 722-1555,7201 W Mcnab Rd,Tamarac,Florida,33321,United States,,info@alazharschool.net,http://alazharschool.net,250,2000,,,Accredited,AISF,N/A,"After school clubs,Tutoring Program",,,https://www.instagram.com/alazhar_school/,,,,,64
65,Good Tree Academy,(972) 836-6322,874 Merino Drive,Allen,Texas,75013,United States,,office@goodtreeacademy.org,http://www.goodtreeacademy.org,296,2009,,,Accredited,"CISNA- Council of Islamic School of North America,Cognia- Formerly AdvancED & Measured Progress","hot lunch, scholarship, science lab, uniforms","After school clubs,Character/tarbiyah program,Montessori curriculum/program,Tutoring Program,Debate,Hifdh,Sports teams,Regional and National competitions,College dual credit",,https://m.facebook.com/goodtreeacademy,https://instagram.com/goodtreeacademy,,,,,65
66,Al-Ikhlas Training Academy,(313) 369-0880,12555 McDougall St,Detroit,Michigan,48212,United States,,admin@alikhlastrainingacademy.com,http://www.alikhlastrainingacademy.com,265,1991,,,Not accredited,,"hot lunch, scholarship, uniforms","Transportation/busing,After school clubs,Tutoring Program,Debate,English Language Learner (ELL) support,Sports teams,Regional and National competitions,College dual credit,Alumni association",,https://www.facebook.com/profile.php?id=100068052191196,,,,,,66
67,Austin Peace Academy,(512) 926-1273,5110 Manor Road,Austin,Texas,78723,United States,,info@apacademy.org,http://www.apacademy.org,270,1997,,,Accredited,Cognia- Formerly AdvancED & Measured Progress,"hot lunch, scholarship, science lab, uniforms","Transportation/busing,After school clubs,Character/tarbiyah program,Tutoring Program,Debate,Hifdh,Sports teams,Regional and National competitions,Advanced Placement (AP),College dual credit",,https://www.facebook.com/AustinPeaceAcademy,https://www.instagram.com/austinpeaceacademy/?hl=en,https://twitter.com/AusPeaceAcademy,,https://www.linkedin.com/school/austin-peace-academy/,,67
68,Islamic Academy of Alabama,(205) 870-0422,1810 25th Ct S,Birmingham,Alabama,35209,United States,,iaaoffice@iaaschool.net,http://www.iaak12.org/,175,1996,,,Accredited,Cognia- Formerly AdvancED & Measured Progress,"scholarship, science lab, uniforms","Transportation/busing,After school clubs,Character/tarbiyah program,Tutoring Program,English Language Learner (ELL) support,Regional and National competitions,Advanced Placement (AP),College dual credit",,https://www.facebook.com/IAAschool2012?mibextid=9R9pXO,,,,,,68
69,The Huda Academy,(501) 565-3555,3221 Anna Street,Little Rock,Arkansas,72204,United States,,Principal@thehudaacademy.org,http://Thehudaacademy.org,125,2000,,,Accredited,"CISNA- Council of Islamic School of North America,Cognia- Formerly AdvancED & Measured Progress",N/A,"After school clubs,Special education,Character/tarbiyah program,Tutoring Program,English Language Learner (ELL) support,Hifdh,Sports teams,Regional and National competitions",,https://www.facebook.com/TheHudaAcademy/,,,https://www.youtube.com/channel/UC1AvxEU-eMQNNoBjFBaxa_g,,,69
70,Noor Academy,(434) 542-2212,5015 Patrick Henry Hwy,Charlotte Court House,Virginia,23923,United States,,info@noor-academy.org,http://www.noor-academy.org,45,2020,,,In the process of applying,"CISNA- Council of Islamic School of North America,Cognia- Formerly AdvancED & Measured Progress",,"Tutoring Program,Hifdh,Other",,,https://www.instagram.com/nooracademyva/,https://twitter.com/NoorAcademyVA,https://www.youtube.com/channel/UCn2xkGRKXSIpOEwK5gbOkBg,https://www.linkedin.com/company/nooracademyva/,,70
71,Darul Arqam Academy North,(281) 583-1984,11815 Adel Road,Houston,Texas,77067,United States,,darularqamnorth@hotmail.com,http://north.darularqamschools.org,255,1993,,,Accredited,Cognia- Formerly AdvancED & Measured Progress,"science lab, uniforms","Character/tarbiyah program,Tutoring Program,Sports teams,Regional and National competitions,College dual credit,College preparatory programs,Alumni association",,https://www.facebook.com/duanorth/,,,https://www.youtube.com/channel/UCQTJc5qGNpDS9mLCe4Rp_nA,,,71
72,Daarul Uloom (DU),(309) 691-9089,4125 WEST CHARTER OAK RD,PEORIA,Illinois,61615,United States,,du@dupeoria.org,http://www.dupeoria.org,160,2003,,,In the process of applying,"CISNA- Council of Islamic School of North America,Cognia- Formerly AdvancED & Measured Progress",N/A,"Tutoring Program,Hifdh,Regional and National competitions,Advanced Placement (AP),College dual credit,College preparatory programs,Alumni association",,https://www.facebook.com/profile.php?id=100057222798770,,,,,,72
73,Ilm Academy,(510) 936-1572,42412 Albrae Street,Fremont,California,94538,United States,,principal@theilmacademy.com,http://www.theilmacademy.com,180,2010,,,Accredited,WASC- Western Association of Schools and Colleges,"hot lunch, scholarship, science lab, uniforms","After school clubs,Character/tarbiyah program,Tutoring Program,Debate,Hifdh,College dual credit,College preparatory programs",,https://www.facebook.com/theilmacademy,,,,,,73
74,The Bounty Collegium,(419) 318-9763,401 Adams St. FL3,Toledo,Ohio,43604,United States,,s.m@bountyideas.com,http://bountyideas.com,86,2015,,,Accredited,Other?,N/A,"Transportation/busing,After school clubs,Special education,Character/tarbiyah program,Tutoring Program,Debate,English Language Learner (ELL) support,Hifdh,Homeschooling support,Sports teams,Regional and National competitions,Advanced Placement (AP),College dual credit,College preparatory programs,Alumni association",,https://www.facebook.com/TheBountyCollegium/,https://instagram.com/thebountycollegium?igshid=MDM4ZDc5MmU=,,,,,74
75,Bright Horizons Academy ,(321) 312-1663,"554 E. Florida Ave,",Melbourne ,Florida ,32901,United States,,info@brighthorizonsacademy.org,http://brighthorizonsacademy.org,116,2015,,,Accredited,Cognia- Formerly AdvancED & Measured Progress,"scholarship, uniforms","Hifdh,Regional and National competitions,Other",,https://www.facebook.com/people/Bright-Horizons-Academy/100063601836724/,,,,,,75
76,San Francisco Islamic School,(415) 310-7003,PO Box 31837,San Francisco,California,94131,United States,,sfis.kabdullah@gmail.com,http://www.sfislamicschool.org,60,2005,,,In the process of applying,WASC- Western Association of Schools and Colleges,uniforms,"Character/tarbiyah program,Tutoring Program,Sports teams",,https://www.facebook.com/sanfranciscoislamicschool/,https://www.instagram.com/sanfranciscoislamicschool/,https://twitter.com/SFIS_USA,,,,76
77,Tarbiyah Academy,(844) 827-2492,6785 Business Parkway #108,Elkridge,Maryland,21075,United States,,hagaraboubakr@tarbiyahacademy.org,https://tarbiyahacademy.com/,165,2015,,,Other,,"hot lunch, scholarship, science lab, uniforms","After school clubs,International Baccalaureate (IB),Sports teams,Other",,https://www.facebook.com/TarbiyahAcademy/,https://www.instagram.com/tarbiyahacademy/,,,https://www.linkedin.com/company/tarbiyah-academy/about/,,77
78,Hifz Academy,(813) 628-0020,7326 E. Sligh Avenue,Tampa,Florida,33610,United States,,director@hifzacademy.org,http://www.hifzacademy.org/,382,2011,,,Not accredited,,"hot lunch, scholarship, science lab, uniforms","Character/tarbiyah program,Tutoring Program,English Language Learner (ELL) support,Hifdh,Sports teams,Regional and National competitions,College dual credit",,https://www.facebook.com/profile.php?id=100090603871138,,,,,,78
79,Intellicor International Academy,(414) 539-9299,4301 Shamrock Dr,"Charlotte,",North Carolina,28215,United States,,Aalaa.fouly@intellicoracademy.org,http://www.intellicoracademy.org/,270,2016,,,In the process of applying,Cognia- Formerly AdvancED & Measured Progress,"hot lunch, scholarship, science lab, uniforms","Transportation/busing,After school clubs,Hifdh,Regional and National competitions,College dual credit",,https://www.facebook.com/IntellicorInternationalAcademy/,https://www.instagram.com/intellicoria/,,https://www.youtube.com/@intellicorinternationalaca8626,https://www.linkedin.com/company/intellicor-international-academy/,,79
80,Mohammed Schools of Atlanta,(404) 378-4219,735 Fayetteville Rd.,Atlanta,Georgia ,30316,United States,,secretary@mohammedschools.org,http://mohammedschools.org,160,1980,,,Accredited,"CISNA- Council of Islamic School of North America,Cognia- Formerly AdvancED & Measured Progress",N/A,"After school clubs,Tutoring Program,Sports teams,Advanced Placement (AP),College dual credit,Alumni association",,https://www.facebook.com/MohammedSchools,https://www.instagram.com/mohammedschools/,https://twitter.com/MohammedSchools,,https://www.linkedin.com/in/mohammed-schools-of-atlanta-333518134/,,80
81,Al-Huda School,(301) 982-2402,5301 Edgewood Road,College Park,Maryland,20740,United States,,office@alhuda.org,http://www.alhuda.org,612,1996,,,Accredited,Middle States Association,"hot lunch, science lab, uniforms","After school clubs,Hifdh,Homeschooling support,Sports teams,Advanced Placement (AP),College preparatory programs,Alumni association",,https://www.facebook.com/AlHudaSchoolCollegePark,https://www.instagram.com/alhudaschoolmd/,,https://www.youtube.com/channel/UCA5hW38rhWaH0uZvJHy4HgQ,,,81
82,An-Noor Quran Academy,(919) 834-9537,808 Atwater Street,Raleigh,North Carolina,27607,United States,,office@annoorquranacademy.org,http:////annoorquranacademy.org/,100,2009,,,Not accredited,,N/A,"Character/tarbiyah program,Tutoring Program,Hifdh",,https://www.facebook.com/AnNoorQuranAcademy/,,,https://www.youtube.com/watch?v=xQKjwsTca-w,,,82
83,Islamic School of Louisville,(502) 412-7825,8215 Old Westport Road,Louisville,Kentucky,40222,United States,,william.white@isofl.org,http://www.isofl.info/,145,2001,,,Accredited,"CISNA- Council of Islamic School of North America,Cognia- Formerly AdvancED & Measured Progress",N/A,"After school clubs,Character/tarbiyah program,Montessori curriculum/program,Tutoring Program",,https://www.facebook.com/IslamicSchoolofLouisville/,https://www.instagram.com/islamicschooloflouisville/,,,,,83
84,Ibn Seena Academy,(407) 888-1000,12908 S. Orange Blossom Trail,Orlando,Florida,32837,United States,,info@ibnseenaacademy.org,http://isacademy.net,288,2003,,,Not accredited,,"hot lunch, scholarship, science lab, uniforms","After school clubs,Special education,Character/tarbiyah program,Tutoring Program,Hifdh,Advanced Placement (AP),College dual credit",,https://www.facebook.com/profile.php?id=755654527815571,,,,https://www.linkedin.com/company/ibn-seena-academy-inc/about/,,84
85,Al-Arqam Islamic School & College Preparatory,(916) 391-3333,6990 65 th street,Sacramento,California,95823,United States,,Adminoffice@arqamschool.org,http://Aisacp.org,454,1998,,,Accredited,WASC- Western Association of Schools and Colleges,N/A,"Character/tarbiyah program,International Baccalaureate (IB),Debate,Regional and National competitions,Advanced Placement (AP),College dual credit,College preparatory programs",,https://www.facebook.com/aisacp/,,https://twitter.com/ACPTorchbearers,,https://www.linkedin.com/school/al-arqam-islamic-school/about/,,85
86,Legacy International Online High School,(918) 212-4696,5301 S. Sheridan Road Suite #615,TULSA,Oklahoma ,74145,United States,,office@legacyiohs.org,http://legacyiohs.org,127,2018,,,Accredited,Cognia- Formerly AdvancED & Measured Progress,N/A,"After school clubs,Character/tarbiyah program,Debate,Digital citizenship education,Homeschooling support,Regional and National competitions,College preparatory programs",,https://www.facebook.com/legacyintonline/,https://www.instagram.com/legacyiohs/?hl=en,https://twitter.com/legacyintonline?lang=en,https://www.youtube.com/@liohs,https://www.linkedin.com/company/legacyiohs/about/,,86
87,Nashville International Academy,(615) 352-5903,7335 Charlotte Pike,Nashville,Tennessee,37209,United States,,principal@niatn.org,http://www.niatn.org,150,1995,,,Accredited,"CISNA- Council of Islamic School of North America,Cognia- Formerly AdvancED & Measured Progress","scholarship, science lab, uniforms","Transportation/busing,After school clubs,Character/tarbiyah program,Tutoring Program,Debate,Digital citizenship education,English Language Learner (ELL) support,Hifdh,Regional and National competitions,College dual credit,College preparatory programs,Other",,https://www.facebook.com/NIATN/,instagram.com/nashvilleinternationalacademy/,,,https://www.linkedin.com/company/nashville-international-academy/,,87
88,Universal Academy of Pittsburgh,(412) 241-2124,2103 Hampton St Pittsburgh PA,Pittsburgh,Pennsylvania,15218-1812,United States,,info@uapschool.org,http://www.uapschool.org,125,1999,,,Accredited,"CISNA- Council of Islamic School of North America,Cognia- Formerly AdvancED & Measured Progress",N/A,"Transportation/busing,Character/tarbiyah program,Montessori curriculum/program,Tutoring Program,Debate,English Language Learner (ELL) support,Hifdh,Sports teams,Regional and National competitions",,https://www.facebook.com/UAPSCHOOL,https://www.instagram.com/uap_school/?hl=en,https://twitter.com/home?lang=en,,,,88
89,AL-Noor Academy ,(781) 784-0400,86 Chase Drive,Sharon,Massachusetts,02067,United States,,nkhalil@alnooracademy.org,http://alnooracademy.org,237,1996,,,Accredited,New England Association of Schools & Colleges (NEASC),uniforms,"After school clubs,Tutoring Program,Regional and National competitions,College dual credit",,https://www.facebook.com/alnooracademySharon/,,https://twitter.com/alnoorSharon,,,,89
90,Tarteel School,(425) 998-8606,15600 NE 8TH ST,Bellevue,Washington,98008,United States,,tarteelschool@gmail.com,http://Tarteelschool.com,50,2015,,,In the process of applying,"CISNA- Council of Islamic School of North America,Cognia- Formerly AdvancED & Measured Progress",N/A,"After school clubs,Character/tarbiyah program,Tutoring Program,English Language Learner (ELL) support,Hifdh",,https://www.facebook.com/TarteelSchool/,,,,,,90
91,Houston Peace Academy,(281) 257-8988,17600 Old Louetta RD,Houston ,Texas,77070,United States,,admin@houstonpeace.org,http://houstonpeace.org,50,2010,,,Accredited,"CISNA- Council of Islamic School of North America,Cognia- Formerly AdvancED & Measured Progress","hot lunch, uniforms","After school clubs,Character/tarbiyah program,Montessori curriculum/program,Regional and National competitions",,https://www.facebook.com/Houston.Peace.Academy/,https://www.instagram.com/hpa.houstonpeace/,,https://www.youtube.com/HoustonPeaceAcademy,https://www.linkedin.com/company/houston-peace/,,91
92,International Leadership School,(260) 483-9911,6413 N Clinton St,Fort Wayne,Indiana ,46825,United States,,dali@isoni.org,http://www.isoni.org,350,2019,,,Accredited,,"hot lunch, scholarship, science lab, uniforms","Transportation/busing,After school clubs,Special education,Tutoring Program,Debate,English Language Learner (ELL) support,Sports teams",,https://www.facebook.com/ILS46825/,,,,,,92
93,Universal Academy of Florida,(201) 744-3472,6801 Orient Road,Tampa,Florida,33610,United States,,emane@uaftampa.org,http://www.uaftampa.org,750,1992,,,Accredited,"CISNA- Council of Islamic School of North America,Cognia- Formerly AdvancED & Measured Progress,  FCIS","hot lunch, scholarship, science lab, uniforms","Transportation/busing,After school clubs,Character/tarbiyah program,Tutoring Program,Hifdh,Sports teams,Regional and National competitions,Advanced Placement (AP),College dual credit,College preparatory programs,Alumni association",,https://www.facebook.com/uaftampa,https://www.instagram.com/universalacademyofflorida/?hl=en,,https://www.youtube.com/user/UAFTampa,https://www.linkedin.com/school/universal-academy-of-florida/,,93
95,Pleasant View School,(901) 380-0122,1888 N Bartlett Rd,Memphis,Tennessee,38134,United States,,administration@pleasantviewschool.com,http://www.pleasantviewschool.org,452,1997,,,Accredited,Cognia- Formerly AdvancED & Measured Progress,"hot lunch, scholarship, science lab, uniforms","Transportation/busing,After school clubs,Tutoring Program,English Language Learner (ELL) support,Sports teams,Regional and National competitions,Advanced Placement (AP),College dual credit,College preparatory programs",,https://www.facebook.com/pvsmemphis,https://www.instagram.com/officialpvs/,,https://www.youtube.com/channel/UChMcdyU0ETiCKElShSUadYQ,https://www.linkedin.com/company/pleasant-view-school/,,95
96,Al-Salam Day School,(636) 394-8986,519 Weidman Rd,St. Louis,Missouri,63011,United States,,admin@alsalamdayschool.org,http://alsalamds.org,315,1990,,,Accredited,"CISNA- Council of Islamic School of North America,Cognia- Formerly AdvancED & Measured Progress,  MNSAA","hot lunch, scholarship, science lab, uniforms","After school clubs,Character/tarbiyah program,Montessori curriculum/program,Tutoring Program,Debate,Sports teams,Regional and National competitions,Advanced Placement (AP),College dual credit,College preparatory programs",,https://www.facebook.com/alsalamdayschool/,https://www.instagram.com/alsalamdayschool/,,,,,96
97,Washington International Academy,(703) 941-6977,6408 Edsall Rd.,Alexandria,Virginia,22312,United States,,office@wiaschool.org,http://www.wiacademy.org,145,2000,,,Accredited,Cognia- Formerly AdvancED & Measured Progress,"scholarship, science lab, uniforms","After school clubs,Montessori curriculum/program,Sports teams",,https://www.facebook.com/wiacademy,,https://twitter.com/wiatweet,,,,97
98,Eman Schools,(317) 845-9466,11965 Allisonville road ,Fishers ,Indiana ,46038,United States,,srashid@emanschool.net,http://emanschool.net,400,2005,,,Granted candidacy status,"ISACS- International Council Advancing Independent School Accreditation, accredited by state of Indiana ",Mohammed El-Kurd:,"After school clubs,Tutoring Program,Hifdh,Sports teams,Regional and National competitions,Advanced Placement (AP),College dual credit,College preparatory programs",,https://www.facebook.com/EMANSCHOOLS2005,https://www.instagram.com/theemanschool/?igshid=YmMyMTA2M2Y%3D,https://twitter.com/emanschools,,,,98
99,Al-Huda Islamic School,(310) 973-0500,12227 Hawthorne way,Hawthorne,California,90250,United States,,pricipal.alhuda1@alhudala.org,http://www.alhudala.org,155,1998,,,Accredited,WASC- Western Association of Schools and Colleges,"hot lunch, uniforms","After school clubs,Tutoring Program,Sports teams,Other",,,,,,,,99
100,Muslim Center Junior High School,(718) 460-2127,137-58 Geranium Ave,Flushing,New York,11355,United States,,office@mcjhs.org,http://mcjhs.org/,153,1997,,,Not accredited,,"hot lunch, scholarship, science lab, uniforms","Transportation/busing,Special education,Character/tarbiyah program,Tutoring Program,Regional and National competitions",,https://www.facebook.com/muslimcenterjuniorhighschool,,,,,,100
101,Furqaan Academy,(630) 739-3100,519 E. Briarcliff Rd,Bolingbrook ,Illinois,60440,United States,,fabb@furqaan.org,http://furqaanacademy.org,146,2008,,,Accredited,"CISNA- Council of Islamic School of North America,Cognia- Formerly AdvancED & Measured Progress","scholarship, uniforms","Transportation/busing,After school clubs,Character/tarbiyah program,Debate,English Language Learner (ELL) support,Hifdh,Regional and National competitions,Advanced Placement (AP),Alumni association",,https://www.facebook.com/FurqaanAcademyBolingbrook/,,,,,,101
102,Greensboro islamic Academy,(336) 285-7766,900 16th Street,Greensboro,North Carolina,27405,United States,,kjbherrington@gmail.com,http://gianc.org,202,2003,,,Not accredited,,"hot lunch, scholarship, science lab, uniforms","Transportation/busing,After school clubs,Character/tarbiyah program,Tutoring Program,Sports teams",,,,,,,,102
103,Houston Quran Academy,(281) 717-4622,1902 Baker Rd,Houston,Texas,77094,United States,,skhalid@hquranacademy.org,http://hquranacademy.org/home/,290,2009,,,Accredited,Cognia- Formerly AdvancED & Measured Progress,N/A,"After school clubs,Character/tarbiyah program,Montessori curriculum/program,Hifdh,Advanced Placement (AP),College dual credit",,https://www.facebook.com/profile.php?id=100068405439735,,,https://www.youtube.com/channel/UCbigcsNQn9X5n5jDBb3kKkA,,,103
105,Madina Academy,(860) 219-0569,519 Palisado Avenue,Windsor,Connecticut,06095,United States,,principal@madinaacademy.org,http://www.madinaacademy.org,200,1998,,,Accredited,NEASC,"hot lunch, science lab, uniforms","After school clubs,Special education,Character/tarbiyah program,Tutoring Program,Regional and National competitions,College dual credit,College preparatory programs",,,https://www.instagram.com/madinaacademyct/?hl=en,,,,,105
106,Al Furqan Quran Academy ,(313) 584-4464,4430 St James St,Detroit,Michigan,48210,United States,,www.info@quran-institute.org,http://www.quran-institute.org,160,2012,,,Not accredited,,N/A,"Transportation/busing,Character/tarbiyah program,Tutoring Program,English Language Learner (ELL) support,Hifdh,Sports teams,Regional and National competitions",,https://www.facebook.com/FQAcademy/,https://www.instagram.com/qiadetroit/,https://twitter.com/qiadetroit,https://www.youtube.com/channel/UC__I4YR9UrkCUl1uzMiKCxA,,,106
107,Little Scholars Islamic Montessori ,(201) 647-7229,Yale Ct,Paramus,NEW JERSEY,07652,United States,,Sighareeya7@hotmail.com,N/A,10,2012,,,Other,,N/A,Montessori curriculum/program,,https://m.facebook.com/profile.php?id=100047611105285,https://instagram.com/littlescholars?igshid=YmMyMTA2M2Y=,,,,,107
109,Darul Arqam Academy North,(281) 583-1984,11815 ADEL RD,HOUSTON,Texas,77067,United States,,darularqamnorth@hotmail.com,http://north.darularqamschools.org/,250,1992,,,Accredited,SACS CASI- Southern Association of Colleges and Schools Council on Accreditation and School Improvement,"science lab, uniforms","After school clubs,Montessori curriculum/program,Hifdh,Sports teams,Regional and National competitions,Advanced Placement (AP),College dual credit,College preparatory programs",,https://www.facebook.com/duanorth,,,,,,109